{
  "project_info": {
    "project_number": "1062567571192",
    "firebase_url": "https://coriander-android-default-rtdb.firebaseio.com",
    "project_id": "coriander-android",
    "storage_bucket": "coriander-android.appspot.com"
  },
  "client": [
    {
      "client_info": {
        "mobilesdk_app_id": "1:1062567571192:android:b12d3be8dabbfdbea4d50d",
        "android_client_info": {
          "package_name": "yashwantgehlot.com.coriander"
        }
      },
      "oauth_client": [
        {
          "client_id": "1062567571192-vl254df0v74vs5h8a4eifkc9fh02ppem.apps.googleusercontent.com",
          "client_type": 3
        }
      ],
      "api_key": [
        {
          "current_key": "AIzaSyCK9UF08BdkNVwwGsQx0OtHgffXaX9A7f4"
        }
      ],
      "services": {
        "appinvite_service": {
          "other_platform_oauth_client": [
            {
              "client_id": "1062567571192-vl254df0v74vs5h8a4eifkc9fh02ppem.apps.googleusercontent.com",
              "client_type": 3
            }
          ]
        }
      }
    },
    {
      "client_info": {
        "mobilesdk_app_id": "1:1062567571192:android:a5061f72da950626a4d50d",
        "android_client_info": {
          "package_name": "yashwantgehlot.com.coriandercmsa"
        }
      },
      "oauth_client": [
        {
          "client_id": "1062567571192-vl254df0v74vs5h8a4eifkc9fh02ppem.apps.googleusercontent.com",
          "client_type": 3
        }
      ],
      "api_key": [
        {
          "current_key": "AIzaSyCK9UF08BdkNVwwGsQx0OtHgffXaX9A7f4"
        }
      ],
      "services": {
        "appinvite_service": {
          "other_platform_oauth_client": [
            {
              "client_id": "1062567571192-vl254df0v74vs5h8a4eifkc9fh02ppem.apps.googleusercontent.com",
              "client_type": 3
            }
          ]
        }
      }
    },
    {
      "client_info": {
        "mobilesdk_app_id": "1:1062567571192:android:52f1e445a5cd981da4d50d",
        "android_client_info": {
          "package_name": "yashwantgehlot.com.coriandercmsb"
        }
      },
      "oauth_client": [
        {
          "client_id": "1062567571192-vl254df0v74vs5h8a4eifkc9fh02ppem.apps.googleusercontent.com",
          "client_type": 3
        }
      ],
      "api_key": [
        {
          "current_key": "AIzaSyCK9UF08BdkNVwwGsQx0OtHgffXaX9A7f4"
        }
      ],
      "services": {
        "appinvite_service": {
          "other_platform_oauth_client": [
            {
              "client_id": "1062567571192-vl254df0v74vs5h8a4eifkc9fh02ppem.apps.googleusercontent.com",
              "client_type": 3
            }
          ]
        }
      }
    }
  ],
  "configuration_version": "1"
}